learning_rate,batch_size,optimizer,optimizer_name,optimizer_params,loss_function,metric,epochs,activation_layers,pca_threshold,pca,n_splits,class_weights_enabled,avg_score,avg_accuracy,avg_precision,avg_recall,avg_f1_score,avg_TP_accuracy,avg_TN_accuracy,avg_TP_TN_accuracy,confusion_matrix
0.001,128,"(<class 'keras.optimizers.optimizer_experimental.adam.Adam'>, {'beta_1': 0.9, 'beta_2': 0.999, 'epsilon': 1e-07, 'amsgrad': False, 'learning_rate': 0.001})",Adam,"{'beta_1': 0.9, 'beta_2': 0.999, 'epsilon': 1e-07, 'amsgrad': False, 'learning_rate': 0.001}",<keras.losses.BinaryCrossentropy object at 0x00000212C1F10460>,"TrueNegatives(name=true_negatives_2,dtype=float32,thresholds=None)",100,"[{'nodes': 256, 'activation': 'relu', 'l2_reg': 0.1, 'l1_reg': 0.1}]",,False,5,False,[1.80589977e-01 6.76680000e+03],0.9559516722049516,0.9559516722049516,1.0,0.9774788710504513,0.9559516722049516,0.0,0.4779758361024758,"[[6769    0]
 [ 309    0]]"
0.001,128,"(<class 'keras.optimizers.optimizer_experimental.adam.Adam'>, {'beta_1': 0.9, 'beta_2': 0.999, 'epsilon': 1e-07, 'amsgrad': False, 'learning_rate': 0.001})",Adam,"{'beta_1': 0.9, 'beta_2': 0.999, 'epsilon': 1e-07, 'amsgrad': False, 'learning_rate': 0.001}",<keras.losses.BinaryCrossentropy object at 0x00000212C1F10460>,"TrueNegatives(name=true_negatives_2,dtype=float32,thresholds=None)",100,"[{'nodes': 256, 'activation': 'relu', 'l2_reg': 0.1, 'l1_reg': 0.01}]",,False,5,False,[1.77018103e-01 6.76680000e+03],0.9559516722049516,0.9559516722049516,1.0,0.9774788710504513,0.9559516722049516,0.0,0.4779758361024758,"[[6769    0]
 [ 309    0]]"
0.001,128,"(<class 'keras.optimizers.optimizer_experimental.adam.Adam'>, {'beta_1': 0.9, 'beta_2': 0.999, 'epsilon': 1e-07, 'amsgrad': False, 'learning_rate': 0.001})",Adam,"{'beta_1': 0.9, 'beta_2': 0.999, 'epsilon': 1e-07, 'amsgrad': False, 'learning_rate': 0.001}",<keras.losses.BinaryCrossentropy object at 0x00000212C1F10460>,"TrueNegatives(name=true_negatives_2,dtype=float32,thresholds=None)",100,"[{'nodes': 256, 'activation': 'relu', 'l2_reg': 0.1, 'l1_reg': 0.001}]",,False,5,False,[1.8093572e-01 6.7668000e+03],0.9559516722049516,0.9559516722049516,1.0,0.9774788710504513,0.9559516722049516,0.0,0.4779758361024758,"[[6769    0]
 [ 309    0]]"
0.001,128,"(<class 'keras.optimizers.optimizer_experimental.adam.Adam'>, {'beta_1': 0.9, 'beta_2': 0.999, 'epsilon': 1e-07, 'amsgrad': False, 'learning_rate': 0.001})",Adam,"{'beta_1': 0.9, 'beta_2': 0.999, 'epsilon': 1e-07, 'amsgrad': False, 'learning_rate': 0.001}",<keras.losses.BinaryCrossentropy object at 0x00000212C1F10460>,"TrueNegatives(name=true_negatives_2,dtype=float32,thresholds=None)",100,"[{'nodes': 256, 'activation': 'relu', 'l2_reg': 0.1, 'l1_reg': 0.0001}]",,False,5,False,[1.82436368e-01 6.76680000e+03],0.9559516722049516,0.9559516722049516,1.0,0.9774788710504513,0.9559516722049516,0.0,0.4779758361024758,"[[6769    0]
 [ 309    0]]"
0.001,128,"(<class 'keras.optimizers.optimizer_experimental.adam.Adam'>, {'beta_1': 0.9, 'beta_2': 0.999, 'epsilon': 1e-07, 'amsgrad': False, 'learning_rate': 0.001})",Adam,"{'beta_1': 0.9, 'beta_2': 0.999, 'epsilon': 1e-07, 'amsgrad': False, 'learning_rate': 0.001}",<keras.losses.BinaryCrossentropy object at 0x00000212C1F10460>,"TrueNegatives(name=true_negatives_2,dtype=float32,thresholds=None)",100,"[{'nodes': 256, 'activation': 'relu', 'l2_reg': 0.01, 'l1_reg': 0.1}]",,False,5,False,[1.80591798e-01 6.76680000e+03],0.9559516722049516,0.9559516722049516,1.0,0.9774788710504513,0.9559516722049516,0.0,0.4779758361024758,"[[6769    0]
 [ 309    0]]"
0.001,128,"(<class 'keras.optimizers.optimizer_experimental.adam.Adam'>, {'beta_1': 0.9, 'beta_2': 0.999, 'epsilon': 1e-07, 'amsgrad': False, 'learning_rate': 0.001})",Adam,"{'beta_1': 0.9, 'beta_2': 0.999, 'epsilon': 1e-07, 'amsgrad': False, 'learning_rate': 0.001}",<keras.losses.BinaryCrossentropy object at 0x00000212C1F10460>,"TrueNegatives(name=true_negatives_2,dtype=float32,thresholds=None)",100,"[{'nodes': 256, 'activation': 'relu', 'l2_reg': 0.01, 'l1_reg': 0.01}]",,False,5,False,[1.76155928e-01 6.76680000e+03],0.9559516722049516,0.9559516722049516,1.0,0.9774788710504513,0.9559516722049516,0.0,0.4779758361024758,"[[6769    0]
 [ 309    0]]"
0.001,128,"(<class 'keras.optimizers.optimizer_experimental.adam.Adam'>, {'beta_1': 0.9, 'beta_2': 0.999, 'epsilon': 1e-07, 'amsgrad': False, 'learning_rate': 0.001})",Adam,"{'beta_1': 0.9, 'beta_2': 0.999, 'epsilon': 1e-07, 'amsgrad': False, 'learning_rate': 0.001}",<keras.losses.BinaryCrossentropy object at 0x00000212C1F10460>,"TrueNegatives(name=true_negatives_2,dtype=float32,thresholds=None)",100,"[{'nodes': 256, 'activation': 'relu', 'l2_reg': 0.01, 'l1_reg': 0.001}]",,False,5,False,[1.7403982e-01 6.7668000e+03],0.9559516722049516,0.9559516722049516,1.0,0.9774788710504513,0.9559516722049516,0.0,0.4779758361024758,"[[6769    0]
 [ 309    0]]"
0.001,128,"(<class 'keras.optimizers.optimizer_experimental.adam.Adam'>, {'beta_1': 0.9, 'beta_2': 0.999, 'epsilon': 1e-07, 'amsgrad': False, 'learning_rate': 0.001})",Adam,"{'beta_1': 0.9, 'beta_2': 0.999, 'epsilon': 1e-07, 'amsgrad': False, 'learning_rate': 0.001}",<keras.losses.BinaryCrossentropy object at 0x00000212C1F10460>,"TrueNegatives(name=true_negatives_2,dtype=float32,thresholds=None)",100,"[{'nodes': 256, 'activation': 'relu', 'l2_reg': 0.01, 'l1_reg': 0.0001}]",,False,5,False,[1.78561103e-01 6.76680000e+03],0.9559516722049516,0.9559516722049516,1.0,0.9774788710504513,0.9559516722049516,0.0,0.4779758361024758,"[[6769    0]
 [ 309    0]]"
0.001,128,"(<class 'keras.optimizers.optimizer_experimental.adam.Adam'>, {'beta_1': 0.9, 'beta_2': 0.999, 'epsilon': 1e-07, 'amsgrad': False, 'learning_rate': 0.001})",Adam,"{'beta_1': 0.9, 'beta_2': 0.999, 'epsilon': 1e-07, 'amsgrad': False, 'learning_rate': 0.001}",<keras.losses.BinaryCrossentropy object at 0x00000212C1F10460>,"TrueNegatives(name=true_negatives_2,dtype=float32,thresholds=None)",100,"[{'nodes': 256, 'activation': 'relu', 'l2_reg': 0.001, 'l1_reg': 0.1}]",,False,5,False,[1.80580971e-01 6.76680000e+03],0.9559516722049516,0.9559516722049516,1.0,0.9774788710504513,0.9559516722049516,0.0,0.4779758361024758,"[[6769    0]
 [ 309    0]]"
0.001,128,"(<class 'keras.optimizers.optimizer_experimental.adam.Adam'>, {'beta_1': 0.9, 'beta_2': 0.999, 'epsilon': 1e-07, 'amsgrad': False, 'learning_rate': 0.001})",Adam,"{'beta_1': 0.9, 'beta_2': 0.999, 'epsilon': 1e-07, 'amsgrad': False, 'learning_rate': 0.001}",<keras.losses.BinaryCrossentropy object at 0x00000212C1F10460>,"TrueNegatives(name=true_negatives_2,dtype=float32,thresholds=None)",100,"[{'nodes': 256, 'activation': 'relu', 'l2_reg': 0.001, 'l1_reg': 0.01}]",,False,5,False,[1.79165083e-01 6.76840000e+03],0.9561777127873572,0.9565811779075611,0.9995269025779724,0.9775814031499426,0.9565811779075611,0.40631578947368413,0.6814484836906226,"[[6762    7]
 [ 297   12]]"
0.001,128,"(<class 'keras.optimizers.optimizer_experimental.adam.Adam'>, {'beta_1': 0.9, 'beta_2': 0.999, 'epsilon': 1e-07, 'amsgrad': False, 'learning_rate': 0.001})",Adam,"{'beta_1': 0.9, 'beta_2': 0.999, 'epsilon': 1e-07, 'amsgrad': False, 'learning_rate': 0.001}",<keras.losses.BinaryCrossentropy object at 0x00000212C1F10460>,"TrueNegatives(name=true_negatives_2,dtype=float32,thresholds=None)",100,"[{'nodes': 256, 'activation': 'relu', 'l2_reg': 0.001, 'l1_reg': 0.001}]",,False,5,False,[1.76844859e-01 6.76740000e+03],0.9560364379223042,0.9564456982155634,0.9995271328330333,0.9775108772830257,0.9564456982155634,0.5009523809523809,0.7286990395839721,"[[6765    4]
 [ 303    6]]"
0.001,128,"(<class 'keras.optimizers.optimizer_experimental.adam.Adam'>, {'beta_1': 0.9, 'beta_2': 0.999, 'epsilon': 1e-07, 'amsgrad': False, 'learning_rate': 0.001})",Adam,"{'beta_1': 0.9, 'beta_2': 0.999, 'epsilon': 1e-07, 'amsgrad': False, 'learning_rate': 0.001}",<keras.losses.BinaryCrossentropy object at 0x00000212C1F10460>,"TrueNegatives(name=true_negatives_2,dtype=float32,thresholds=None)",100,"[{'nodes': 256, 'activation': 'relu', 'l2_reg': 0.001, 'l1_reg': 0.0001}]",,False,5,False,[1.7341409e-01 6.7668000e+03],0.955951680188161,0.9563387264425647,0.9995567972145368,0.9774691966017052,0.9563387264425647,0.4666666666666667,0.7115026965546156,"[[6764    5]
 [ 302    7]]"
0.001,128,"(<class 'keras.optimizers.optimizer_experimental.adam.Adam'>, {'beta_1': 0.9, 'beta_2': 0.999, 'epsilon': 1e-07, 'amsgrad': False, 'learning_rate': 0.001})",Adam,"{'beta_1': 0.9, 'beta_2': 0.999, 'epsilon': 1e-07, 'amsgrad': False, 'learning_rate': 0.001}",<keras.losses.BinaryCrossentropy object at 0x00000212C1F10460>,"TrueNegatives(name=true_negatives_2,dtype=float32,thresholds=None)",100,"[{'nodes': 256, 'activation': 'relu', 'l2_reg': 0.0001, 'l1_reg': 0.1}]",,False,5,False,[1.80225956e-01 6.76680000e+03],0.9559516722049516,0.9559516722049516,1.0,0.9774788710504513,0.9559516722049516,0.0,0.4779758361024758,"[[6769    0]
 [ 309    0]]"
0.001,128,"(<class 'keras.optimizers.optimizer_experimental.adam.Adam'>, {'beta_1': 0.9, 'beta_2': 0.999, 'epsilon': 1e-07, 'amsgrad': False, 'learning_rate': 0.001})",Adam,"{'beta_1': 0.9, 'beta_2': 0.999, 'epsilon': 1e-07, 'amsgrad': False, 'learning_rate': 0.001}",<keras.losses.BinaryCrossentropy object at 0x00000212C1F10460>,"TrueNegatives(name=true_negatives_2,dtype=float32,thresholds=None)",100,"[{'nodes': 256, 'activation': 'relu', 'l2_reg': 0.0001, 'l1_reg': 0.01}]",,False,5,False,[1.80982697e-01 6.77200000e+03],0.9566862711670308,0.9578193958964221,0.9986693203701883,0.9778169897335358,0.9578193958964221,0.6090476190476191,0.7834335074720206,"[[6761    8]
 [ 293   16]]"
0.001,128,"(<class 'keras.optimizers.optimizer_experimental.adam.Adam'>, {'beta_1': 0.9, 'beta_2': 0.999, 'epsilon': 1e-07, 'amsgrad': False, 'learning_rate': 0.001})",Adam,"{'beta_1': 0.9, 'beta_2': 0.999, 'epsilon': 1e-07, 'amsgrad': False, 'learning_rate': 0.001}",<keras.losses.BinaryCrossentropy object at 0x00000212C1F10460>,"TrueNegatives(name=true_negatives_2,dtype=float32,thresholds=None)",100,"[{'nodes': 256, 'activation': 'relu', 'l2_reg': 0.0001, 'l1_reg': 0.001}]",,False,5,False,[1.78958666e-01 6.77080000e+03],0.9565167437239301,0.9579429866144944,0.9983448898168481,0.9777253941385823,0.9579429866144944,0.5669149357507481,0.7624289611826213,"[[6756   13]
 [ 290   19]]"
0.001,128,"(<class 'keras.optimizers.optimizer_experimental.adam.Adam'>, {'beta_1': 0.9, 'beta_2': 0.999, 'epsilon': 1e-07, 'amsgrad': False, 'learning_rate': 0.001})",Adam,"{'beta_1': 0.9, 'beta_2': 0.999, 'epsilon': 1e-07, 'amsgrad': False, 'learning_rate': 0.001}",<keras.losses.BinaryCrossentropy object at 0x00000212C1F10460>,"TrueNegatives(name=true_negatives_2,dtype=float32,thresholds=None)",100,"[{'nodes': 256, 'activation': 'relu', 'l2_reg': 0.0001, 'l1_reg': 0.0001}]",,False,5,False,[1.74431407e-01 6.76720000e+03],0.9560081613946284,0.9575055762230212,0.9982851320169843,0.9774690152810376,0.9575055762230212,0.519107572585787,0.7383065744044042,"[[6758   11]
 [ 297   12]]"
0.001,128,"(<class 'keras.optimizers.optimizer_experimental.adam.Adam'>, {'beta_1': 0.9, 'beta_2': 0.999, 'epsilon': 1e-07, 'amsgrad': False, 'learning_rate': 0.001})",Adam,"{'beta_1': 0.9, 'beta_2': 0.999, 'epsilon': 1e-07, 'amsgrad': False, 'learning_rate': 0.001}",<keras.losses.BinaryCrossentropy object at 0x00000212C1F10460>,"TrueNegatives(name=true_negatives_2,dtype=float32,thresholds=None)",100,"[{'nodes': 256, 'activation': 'tanh', 'l2_reg': 0.1, 'l1_reg': 0.1}]",,False,5,False,[2.52820486e-01 6.76580000e+03],0.9558104013315034,0.9560226045990113,0.9997633129409857,0.9774029355906034,0.9560226045990113,0.18333333333333332,0.5696779689661723,"[[6768    1]
 [ 307    2]]"
0.001,128,"(<class 'keras.optimizers.optimizer_experimental.adam.Adam'>, {'beta_1': 0.9, 'beta_2': 0.999, 'epsilon': 1e-07, 'amsgrad': False, 'learning_rate': 0.001})",Adam,"{'beta_1': 0.9, 'beta_2': 0.999, 'epsilon': 1e-07, 'amsgrad': False, 'learning_rate': 0.001}",<keras.losses.BinaryCrossentropy object at 0x00000212C1F10460>,"TrueNegatives(name=true_negatives_2,dtype=float32,thresholds=None)",100,"[{'nodes': 256, 'activation': 'tanh', 'l2_reg': 0.1, 'l1_reg': 0.01}]",,False,5,False,[1.8871327e-01 6.7668000e+03],0.955951680188161,0.956158543931134,0.9997638545299223,0.9774738259561166,0.956158543931134,0.3,0.628079271965567,"[[6767    2]
 [ 305    4]]"
0.001,128,"(<class 'keras.optimizers.optimizer_experimental.adam.Adam'>, {'beta_1': 0.9, 'beta_2': 0.999, 'epsilon': 1e-07, 'amsgrad': False, 'learning_rate': 0.001})",Adam,"{'beta_1': 0.9, 'beta_2': 0.999, 'epsilon': 1e-07, 'amsgrad': False, 'learning_rate': 0.001}",<keras.losses.BinaryCrossentropy object at 0x00000212C1F10460>,"TrueNegatives(name=true_negatives_2,dtype=float32,thresholds=None)",100,"[{'nodes': 256, 'activation': 'tanh', 'l2_reg': 0.1, 'l1_reg': 0.001}]",,False,5,False,[1.83962831e-01 6.76660000e+03],0.9559234196269039,0.9559505106479846,0.9999705362404242,0.9774641445962111,0.9559505106479846,0.0,0.4779752553239923,"[[6769    0]
 [ 309    0]]"
0.001,128,"(<class 'keras.optimizers.optimizer_experimental.adam.Adam'>, {'beta_1': 0.9, 'beta_2': 0.999, 'epsilon': 1e-07, 'amsgrad': False, 'learning_rate': 0.001})",Adam,"{'beta_1': 0.9, 'beta_2': 0.999, 'epsilon': 1e-07, 'amsgrad': False, 'learning_rate': 0.001}",<keras.losses.BinaryCrossentropy object at 0x00000212C1F10460>,"TrueNegatives(name=true_negatives_2,dtype=float32,thresholds=None)",100,"[{'nodes': 256, 'activation': 'tanh', 'l2_reg': 0.1, 'l1_reg': 0.0001}]",,False,5,False,[1.84151182e-01 6.76600000e+03],0.955838657901156,0.9560495829421921,0.9997633601542173,0.9774170777415525,0.9560495829421921,0.33999999999999997,0.648024791471096,"[[6769    0]
 [ 307    2]]"
0.001,128,"(<class 'keras.optimizers.optimizer_experimental.adam.Adam'>, {'beta_1': 0.9, 'beta_2': 0.999, 'epsilon': 1e-07, 'amsgrad': False, 'learning_rate': 0.001})",Adam,"{'beta_1': 0.9, 'beta_2': 0.999, 'epsilon': 1e-07, 'amsgrad': False, 'learning_rate': 0.001}",<keras.losses.BinaryCrossentropy object at 0x00000212C1F10460>,"TrueNegatives(name=true_negatives_2,dtype=float32,thresholds=None)",100,"[{'nodes': 256, 'activation': 'tanh', 'l2_reg': 0.01, 'l1_reg': 0.1}]",,False,5,False,[2.53173533e-01 6.76580000e+03],0.9558104133063174,0.9561522910046983,0.9996159867551393,0.977399912148577,0.9561522910046983,0.1576923076923077,0.556922299348503,"[[6763    6]
 [ 302    7]]"
0.001,128,"(<class 'keras.optimizers.optimizer_experimental.adam.Adam'>, {'beta_1': 0.9, 'beta_2': 0.999, 'epsilon': 1e-07, 'amsgrad': False, 'learning_rate': 0.001})",Adam,"{'beta_1': 0.9, 'beta_2': 0.999, 'epsilon': 1e-07, 'amsgrad': False, 'learning_rate': 0.001}",<keras.losses.BinaryCrossentropy object at 0x00000212C1F10460>,"TrueNegatives(name=true_negatives_2,dtype=float32,thresholds=None)",100,"[{'nodes': 256, 'activation': 'tanh', 'l2_reg': 0.01, 'l1_reg': 0.01}]",,False,5,False,[1.85264841e-01 6.76640000e+03],0.9558951750320656,0.9561551066305578,0.9997043861816397,0.977444089171577,0.9561551066305578,0.37666666666666665,0.6664108866486123,"[[6768    1]
 [ 309    0]]"
0.001,128,"(<class 'keras.optimizers.optimizer_experimental.adam.Adam'>, {'beta_1': 0.9, 'beta_2': 0.999, 'epsilon': 1e-07, 'amsgrad': False, 'learning_rate': 0.001})",Adam,"{'beta_1': 0.9, 'beta_2': 0.999, 'epsilon': 1e-07, 'amsgrad': False, 'learning_rate': 0.001}",<keras.losses.BinaryCrossentropy object at 0x00000212C1F10460>,"TrueNegatives(name=true_negatives_2,dtype=float32,thresholds=None)",100,"[{'nodes': 256, 'activation': 'tanh', 'l2_reg': 0.01, 'l1_reg': 0.001}]",,False,5,False,[1.75371441e-01 6.76700000e+03],0.9559799247829993,0.9560821264792947,0.9998817529334554,0.9774903861059656,0.9560821264792947,0.26666666666666666,0.6113743965729806,"[[6769    0]
 [ 309    0]]"
0.001,128,"(<class 'keras.optimizers.optimizer_experimental.adam.Adam'>, {'beta_1': 0.9, 'beta_2': 0.999, 'epsilon': 1e-07, 'amsgrad': False, 'learning_rate': 0.001})",Adam,"{'beta_1': 0.9, 'beta_2': 0.999, 'epsilon': 1e-07, 'amsgrad': False, 'learning_rate': 0.001}",<keras.losses.BinaryCrossentropy object at 0x00000212C1F10460>,"TrueNegatives(name=true_negatives_2,dtype=float32,thresholds=None)",100,"[{'nodes': 256, 'activation': 'tanh', 'l2_reg': 0.01, 'l1_reg': 0.0001}]",,False,5,False,[1.80812311e-01 6.76540000e+03],0.9557539081502222,0.9562021677146099,0.9994985011029783,0.9773693182417912,0.9562021677146099,0.24166666666666664,0.5989344171906382,"[[6766    3]
 [ 304    5]]"
0.001,128,"(<class 'keras.optimizers.optimizer_experimental.adam.Adam'>, {'beta_1': 0.9, 'beta_2': 0.999, 'epsilon': 1e-07, 'amsgrad': False, 'learning_rate': 0.001})",Adam,"{'beta_1': 0.9, 'beta_2': 0.999, 'epsilon': 1e-07, 'amsgrad': False, 'learning_rate': 0.001}",<keras.losses.BinaryCrossentropy object at 0x00000212C1F10460>,"TrueNegatives(name=true_negatives_2,dtype=float32,thresholds=None)",100,"[{'nodes': 256, 'activation': 'tanh', 'l2_reg': 0.001, 'l1_reg': 0.1}]",,False,5,False,[2.53966284e-01 6.76600000e+03],0.9558386539095511,0.9560500863073969,0.9997637191555191,0.9774172551779339,0.9560500863073969,0.21333333333333332,0.5846917098203651,"[[6767    2]
 [ 308    1]]"
0.001,128,"(<class 'keras.optimizers.optimizer_experimental.adam.Adam'>, {'beta_1': 0.9, 'beta_2': 0.999, 'epsilon': 1e-07, 'amsgrad': False, 'learning_rate': 0.001})",Adam,"{'beta_1': 0.9, 'beta_2': 0.999, 'epsilon': 1e-07, 'amsgrad': False, 'learning_rate': 0.001}",<keras.losses.BinaryCrossentropy object at 0x00000212C1F10460>,"TrueNegatives(name=true_negatives_2,dtype=float32,thresholds=None)",100,"[{'nodes': 256, 'activation': 'tanh', 'l2_reg': 0.001, 'l1_reg': 0.01}]",,False,5,False,[1.80706292e-01 6.76920000e+03],0.9562907151163387,0.9572324016593677,0.9989058106552762,0.9776241599914102,0.9572324016593677,0.5505582137161085,0.7538953076877382,"[[6762    7]
 [ 297   12]]"
0.001,128,"(<class 'keras.optimizers.optimizer_experimental.adam.Adam'>, {'beta_1': 0.9, 'beta_2': 0.999, 'epsilon': 1e-07, 'amsgrad': False, 'learning_rate': 0.001})",Adam,"{'beta_1': 0.9, 'beta_2': 0.999, 'epsilon': 1e-07, 'amsgrad': False, 'learning_rate': 0.001}",<keras.losses.BinaryCrossentropy object at 0x00000212C1F10460>,"TrueNegatives(name=true_negatives_2,dtype=float32,thresholds=None)",100,"[{'nodes': 256, 'activation': 'tanh', 'l2_reg': 0.001, 'l1_reg': 0.001}]",,False,5,False,[1.70388997e-01 6.77040000e+03],0.9564602425594394,0.9570839036861546,0.9992605276442253,0.9777167017632618,0.9570839036861546,0.6432567432567433,0.800170323471449,"[[6766    3]
 [ 301    8]]"
0.001,128,"(<class 'keras.optimizers.optimizer_experimental.adam.Adam'>, {'beta_1': 0.9, 'beta_2': 0.999, 'epsilon': 1e-07, 'amsgrad': False, 'learning_rate': 0.001})",Adam,"{'beta_1': 0.9, 'beta_2': 0.999, 'epsilon': 1e-07, 'amsgrad': False, 'learning_rate': 0.001}",<keras.losses.BinaryCrossentropy object at 0x00000212C1F10460>,"TrueNegatives(name=true_negatives_2,dtype=float32,thresholds=None)",100,"[{'nodes': 256, 'activation': 'tanh', 'l2_reg': 0.001, 'l1_reg': 0.0001}]",,False,5,False,[1.68201426e-01 6.76840000e+03],0.9561777087957524,0.9566068621616098,0.9994977178976239,0.9775809055310791,0.9566068621616098,0.6161904761904762,0.786398669176043,"[[6765    4]
 [ 305    4]]"
0.001,128,"(<class 'keras.optimizers.optimizer_experimental.adam.Adam'>, {'beta_1': 0.9, 'beta_2': 0.999, 'epsilon': 1e-07, 'amsgrad': False, 'learning_rate': 0.001})",Adam,"{'beta_1': 0.9, 'beta_2': 0.999, 'epsilon': 1e-07, 'amsgrad': False, 'learning_rate': 0.001}",<keras.losses.BinaryCrossentropy object at 0x00000212C1F10460>,"TrueNegatives(name=true_negatives_2,dtype=float32,thresholds=None)",100,"[{'nodes': 256, 'activation': 'tanh', 'l2_reg': 0.0001, 'l1_reg': 0.1}]",,False,5,False,[2.53213292e-01 6.76560000e+03],0.9557821367786417,0.95617621313447,0.999556474281821,0.9773842645289801,0.95617621313447,0.2833333333333333,0.6197547732339017,"[[6762    7]
 [ 304    5]]"
0.001,128,"(<class 'keras.optimizers.optimizer_experimental.adam.Adam'>, {'beta_1': 0.9, 'beta_2': 0.999, 'epsilon': 1e-07, 'amsgrad': False, 'learning_rate': 0.001})",Adam,"{'beta_1': 0.9, 'beta_2': 0.999, 'epsilon': 1e-07, 'amsgrad': False, 'learning_rate': 0.001}",<keras.losses.BinaryCrossentropy object at 0x00000212C1F10460>,"TrueNegatives(name=true_negatives_2,dtype=float32,thresholds=None)",100,"[{'nodes': 256, 'activation': 'tanh', 'l2_reg': 0.0001, 'l1_reg': 0.01}]",,False,5,False,[1.83020315e-01 6.76940000e+03],0.9563189956356194,0.9574408785025984,0.9986992369779466,0.9776338977127068,0.9574408785025984,0.5633066361556065,0.7603737573291025,"[[6765    4]
 [ 293   16]]"
0.001,128,"(<class 'keras.optimizers.optimizer_experimental.adam.Adam'>, {'beta_1': 0.9, 'beta_2': 0.999, 'epsilon': 1e-07, 'amsgrad': False, 'learning_rate': 0.001})",Adam,"{'beta_1': 0.9, 'beta_2': 0.999, 'epsilon': 1e-07, 'amsgrad': False, 'learning_rate': 0.001}",<keras.losses.BinaryCrossentropy object at 0x00000212C1F10460>,"TrueNegatives(name=true_negatives_2,dtype=float32,thresholds=None)",100,"[{'nodes': 256, 'activation': 'tanh', 'l2_reg': 0.0001, 'l1_reg': 0.001}]",,False,5,False,[1.74622273e-01 6.76940000e+03],0.9563189756775958,0.9577785840914604,0.9983150679070999,0.9776255492708144,0.9577785840914604,0.5453632036240732,0.7515708938577668,"[[6757   12]
 [ 291   18]]"
0.001,128,"(<class 'keras.optimizers.optimizer_experimental.adam.Adam'>, {'beta_1': 0.9, 'beta_2': 0.999, 'epsilon': 1e-07, 'amsgrad': False, 'learning_rate': 0.001})",Adam,"{'beta_1': 0.9, 'beta_2': 0.999, 'epsilon': 1e-07, 'amsgrad': False, 'learning_rate': 0.001}",<keras.losses.BinaryCrossentropy object at 0x00000212C1F10460>,"TrueNegatives(name=true_negatives_2,dtype=float32,thresholds=None)",100,"[{'nodes': 256, 'activation': 'tanh', 'l2_reg': 0.0001, 'l1_reg': 0.0001}]",,False,5,False,[1.80488619e-01 6.76780000e+03],0.9560929231203763,0.9573270139598762,0.9985805793970968,0.9775179060472692,0.9573270139598762,0.5334343210968597,0.745380667528368,"[[6760    9]
 [ 297   12]]"
0.001,128,"(<class 'keras.optimizers.optimizer_experimental.adam.Adam'>, {'beta_1': 0.9, 'beta_2': 0.999, 'epsilon': 1e-07, 'amsgrad': False, 'learning_rate': 0.001})",Adam,"{'beta_1': 0.9, 'beta_2': 0.999, 'epsilon': 1e-07, 'amsgrad': False, 'learning_rate': 0.001}",<keras.losses.BinaryCrossentropy object at 0x00000212C1F10460>,"TrueNegatives(name=true_negatives_2,dtype=float32,thresholds=None)",100,"[{'nodes': 256, 'activation': 'elu', 'l2_reg': 0.1, 'l1_reg': 0.1}]",,False,5,False,[2.52143776e-01 6.76660000e+03],0.9559234196269039,0.955976011890084,0.9999407670028436,0.9774633899288009,0.955976011890084,0.1,0.527988005945042,"[[6769    0]
 [ 309    0]]"
0.001,128,"(<class 'keras.optimizers.optimizer_experimental.adam.Adam'>, {'beta_1': 0.9, 'beta_2': 0.999, 'epsilon': 1e-07, 'amsgrad': False, 'learning_rate': 0.001})",Adam,"{'beta_1': 0.9, 'beta_2': 0.999, 'epsilon': 1e-07, 'amsgrad': False, 'learning_rate': 0.001}",<keras.losses.BinaryCrossentropy object at 0x00000212C1F10460>,"TrueNegatives(name=true_negatives_2,dtype=float32,thresholds=None)",100,"[{'nodes': 256, 'activation': 'elu', 'l2_reg': 0.1, 'l1_reg': 0.01}]",,False,5,False,[1.89814478e-01 6.76600000e+03],0.9558386658843654,0.9560239522548132,0.9997930081123624,0.9774177754443354,0.9560239522548132,0.3,0.6280119761274066,"[[6769    0]
 [ 307    2]]"
0.001,128,"(<class 'keras.optimizers.optimizer_experimental.adam.Adam'>, {'beta_1': 0.9, 'beta_2': 0.999, 'epsilon': 1e-07, 'amsgrad': False, 'learning_rate': 0.001})",Adam,"{'beta_1': 0.9, 'beta_2': 0.999, 'epsilon': 1e-07, 'amsgrad': False, 'learning_rate': 0.001}",<keras.losses.BinaryCrossentropy object at 0x00000212C1F10460>,"TrueNegatives(name=true_negatives_2,dtype=float32,thresholds=None)",100,"[{'nodes': 256, 'activation': 'elu', 'l2_reg': 0.1, 'l1_reg': 0.001}]",,False,5,False,[1.86277443e-01 6.76540000e+03],0.955753908150222,0.9560202017591859,0.999704386090316,0.9773734288583892,0.9560202017591859,0.28888888888888886,0.6224545453240373,"[[6769    0]
 [ 309    0]]"
0.001,128,"(<class 'keras.optimizers.optimizer_experimental.adam.Adam'>, {'beta_1': 0.9, 'beta_2': 0.999, 'epsilon': 1e-07, 'amsgrad': False, 'learning_rate': 0.001})",Adam,"{'beta_1': 0.9, 'beta_2': 0.999, 'epsilon': 1e-07, 'amsgrad': False, 'learning_rate': 0.001}",<keras.losses.BinaryCrossentropy object at 0x00000212C1F10460>,"TrueNegatives(name=true_negatives_2,dtype=float32,thresholds=None)",100,"[{'nodes': 256, 'activation': 'elu', 'l2_reg': 0.1, 'l1_reg': 0.0001}]",,False,5,False,[1.83817357e-01 6.76560000e+03],0.9557821487534557,0.95599603516564,0.9997637537933939,0.9773890299389028,0.95599603516564,0.11666666666666665,0.5363313509161534,"[[6768    1]
 [ 309    0]]"
0.001,128,"(<class 'keras.optimizers.optimizer_experimental.adam.Adam'>, {'beta_1': 0.9, 'beta_2': 0.999, 'epsilon': 1e-07, 'amsgrad': False, 'learning_rate': 0.001})",Adam,"{'beta_1': 0.9, 'beta_2': 0.999, 'epsilon': 1e-07, 'amsgrad': False, 'learning_rate': 0.001}",<keras.losses.BinaryCrossentropy object at 0x00000212C1F10460>,"TrueNegatives(name=true_negatives_2,dtype=float32,thresholds=None)",100,"[{'nodes': 256, 'activation': 'elu', 'l2_reg': 0.01, 'l1_reg': 0.1}]",,False,5,False,[2.51149219e-01 6.76600000e+03],0.9558386499179464,0.9559980992673841,0.9998224711121327,0.977418383655802,0.9559980992673841,0.13333333333333333,0.5446657163003588,"[[6769    0]
 [ 309    0]]"
0.001,128,"(<class 'keras.optimizers.optimizer_experimental.adam.Adam'>, {'beta_1': 0.9, 'beta_2': 0.999, 'epsilon': 1e-07, 'amsgrad': False, 'learning_rate': 0.001})",Adam,"{'beta_1': 0.9, 'beta_2': 0.999, 'epsilon': 1e-07, 'amsgrad': False, 'learning_rate': 0.001}",<keras.losses.BinaryCrossentropy object at 0x00000212C1F10460>,"TrueNegatives(name=true_negatives_2,dtype=float32,thresholds=None)",100,"[{'nodes': 256, 'activation': 'elu', 'l2_reg': 0.01, 'l1_reg': 0.01}]",,False,5,False,[1.84080082e-01 6.76760000e+03],0.9560646825171426,0.9562659120423238,0.9997633301241494,0.9775300495187244,0.9562659120423238,0.65,0.803132956021162,"[[6767    2]
 [ 306    3]]"
0.001,128,"(<class 'keras.optimizers.optimizer_experimental.adam.Adam'>, {'beta_1': 0.9, 'beta_2': 0.999, 'epsilon': 1e-07, 'amsgrad': False, 'learning_rate': 0.001})",Adam,"{'beta_1': 0.9, 'beta_2': 0.999, 'epsilon': 1e-07, 'amsgrad': False, 'learning_rate': 0.001}",<keras.losses.BinaryCrossentropy object at 0x00000212C1F10460>,"TrueNegatives(name=true_negatives_2,dtype=float32,thresholds=None)",100,"[{'nodes': 256, 'activation': 'elu', 'l2_reg': 0.01, 'l1_reg': 0.001}]",,False,5,False,[1.76853099e-01 6.76720000e+03],0.9560081773610472,0.9561604331649667,0.9998224277469026,0.9775031089359016,0.9561604331649667,0.3833333333333333,0.66974688324915,"[[6767    2]
 [ 305    4]]"
0.001,128,"(<class 'keras.optimizers.optimizer_experimental.adam.Adam'>, {'beta_1': 0.9, 'beta_2': 0.999, 'epsilon': 1e-07, 'amsgrad': False, 'learning_rate': 0.001})",Adam,"{'beta_1': 0.9, 'beta_2': 0.999, 'epsilon': 1e-07, 'amsgrad': False, 'learning_rate': 0.001}",<keras.losses.BinaryCrossentropy object at 0x00000212C1F10460>,"TrueNegatives(name=true_negatives_2,dtype=float32,thresholds=None)",100,"[{'nodes': 256, 'activation': 'elu', 'l2_reg': 0.01, 'l1_reg': 0.0001}]",,False,5,False,[1.79718786e-01 6.76260000e+03],0.9553583520995301,0.9561055383387351,0.9991715748108128,0.9771631586948452,0.9561055383387351,0.16904761904761906,0.5625765786931771,"[[6768    1]
 [ 309    0]]"
0.001,128,"(<class 'keras.optimizers.optimizer_experimental.adam.Adam'>, {'beta_1': 0.9, 'beta_2': 0.999, 'epsilon': 1e-07, 'amsgrad': False, 'learning_rate': 0.001})",Adam,"{'beta_1': 0.9, 'beta_2': 0.999, 'epsilon': 1e-07, 'amsgrad': False, 'learning_rate': 0.001}",<keras.losses.BinaryCrossentropy object at 0x00000212C1F10460>,"TrueNegatives(name=true_negatives_2,dtype=float32,thresholds=None)",100,"[{'nodes': 256, 'activation': 'elu', 'l2_reg': 0.001, 'l1_reg': 0.1}]",,False,5,False,[2.5318248e-01 6.7662000e+03],0.9558669024959944,0.9559734064001371,0.9998815119431695,0.9774337703208497,0.9559734064001371,0.05,0.5029867032000686,"[[6768    1]
 [ 309    0]]"
0.001,128,"(<class 'keras.optimizers.optimizer_experimental.adam.Adam'>, {'beta_1': 0.9, 'beta_2': 0.999, 'epsilon': 1e-07, 'amsgrad': False, 'learning_rate': 0.001})",Adam,"{'beta_1': 0.9, 'beta_2': 0.999, 'epsilon': 1e-07, 'amsgrad': False, 'learning_rate': 0.001}",<keras.losses.BinaryCrossentropy object at 0x00000212C1F10460>,"TrueNegatives(name=true_negatives_2,dtype=float32,thresholds=None)",100,"[{'nodes': 256, 'activation': 'elu', 'l2_reg': 0.001, 'l1_reg': 0.01}]",,False,5,False,[1.82060131e-01 6.76860000e+03],0.9562059493989861,0.9563754701665396,0.999792956019777,0.9776013645775625,0.9563754701665396,0.7583333333333333,0.8573544017499364,"[[6766    3]
 [ 306    3]]"
0.001,128,"(<class 'keras.optimizers.optimizer_experimental.adam.Adam'>, {'beta_1': 0.9, 'beta_2': 0.999, 'epsilon': 1e-07, 'amsgrad': False, 'learning_rate': 0.001})",Adam,"{'beta_1': 0.9, 'beta_2': 0.999, 'epsilon': 1e-07, 'amsgrad': False, 'learning_rate': 0.001}",<keras.losses.BinaryCrossentropy object at 0x00000212C1F10460>,"TrueNegatives(name=true_negatives_2,dtype=float32,thresholds=None)",100,"[{'nodes': 256, 'activation': 'elu', 'l2_reg': 0.001, 'l1_reg': 0.001}]",,False,5,False,[1.72282025e-01 6.76820000e+03],0.9561494442428906,0.9565281300841566,0.9995566224118047,0.9775679733427302,0.9565281300841566,0.6051948051948053,0.7808614676394809,"[[6766    3]
 [ 305    4]]"
0.001,128,"(<class 'keras.optimizers.optimizer_experimental.adam.Adam'>, {'beta_1': 0.9, 'beta_2': 0.999, 'epsilon': 1e-07, 'amsgrad': False, 'learning_rate': 0.001})",Adam,"{'beta_1': 0.9, 'beta_2': 0.999, 'epsilon': 1e-07, 'amsgrad': False, 'learning_rate': 0.001}",<keras.losses.BinaryCrossentropy object at 0x00000212C1F10460>,"TrueNegatives(name=true_negatives_2,dtype=float32,thresholds=None)",100,"[{'nodes': 256, 'activation': 'elu', 'l2_reg': 0.001, 'l1_reg': 0.0001}]",,False,5,False,[1.70879793e-01 6.76940000e+03],0.9563189716859911,0.9565871688034259,0.9996748703294784,0.9776553633334227,0.9565871688034259,0.6951298701298702,0.825858519466648,"[[6765    4]
 [ 302    7]]"
0.001,128,"(<class 'keras.optimizers.optimizer_experimental.adam.Adam'>, {'beta_1': 0.9, 'beta_2': 0.999, 'epsilon': 1e-07, 'amsgrad': False, 'learning_rate': 0.001})",Adam,"{'beta_1': 0.9, 'beta_2': 0.999, 'epsilon': 1e-07, 'amsgrad': False, 'learning_rate': 0.001}",<keras.losses.BinaryCrossentropy object at 0x00000212C1F10460>,"TrueNegatives(name=true_negatives_2,dtype=float32,thresholds=None)",100,"[{'nodes': 256, 'activation': 'elu', 'l2_reg': 0.0001, 'l1_reg': 0.1}]",,False,5,False,[2.54499736e-01 6.76560000e+03],0.9557821327870372,0.9560473400132941,0.9997041577667108,0.9773874831323012,0.9560473400132941,0.18666666666666668,0.5713570033399804,"[[6767    2]
 [ 308    1]]"
0.001,128,"(<class 'keras.optimizers.optimizer_experimental.adam.Adam'>, {'beta_1': 0.9, 'beta_2': 0.999, 'epsilon': 1e-07, 'amsgrad': False, 'learning_rate': 0.001})",Adam,"{'beta_1': 0.9, 'beta_2': 0.999, 'epsilon': 1e-07, 'amsgrad': False, 'learning_rate': 0.001}",<keras.losses.BinaryCrossentropy object at 0x00000212C1F10460>,"TrueNegatives(name=true_negatives_2,dtype=float32,thresholds=None)",100,"[{'nodes': 256, 'activation': 'elu', 'l2_reg': 0.0001, 'l1_reg': 0.01}]",,False,5,False,[1.82186395e-01 6.76700000e+03],0.9559799207913947,0.9563392897301026,0.9995858113030254,0.9774836635518065,0.9563392897301026,0.6797979797979797,0.8180686347640411,"[[6764    5]
 [ 305    4]]"
0.001,128,"(<class 'keras.optimizers.optimizer_experimental.adam.Adam'>, {'beta_1': 0.9, 'beta_2': 0.999, 'epsilon': 1e-07, 'amsgrad': False, 'learning_rate': 0.001})",Adam,"{'beta_1': 0.9, 'beta_2': 0.999, 'epsilon': 1e-07, 'amsgrad': False, 'learning_rate': 0.001}",<keras.losses.BinaryCrossentropy object at 0x00000212C1F10460>,"TrueNegatives(name=true_negatives_2,dtype=float32,thresholds=None)",100,"[{'nodes': 256, 'activation': 'elu', 'l2_reg': 0.0001, 'l1_reg': 0.001}]",,False,5,False,[1.76027292e-01 6.76700000e+03],0.9559799287746042,0.9568819578183986,0.9989652474049061,0.9774699746583831,0.9568819578183986,0.5536180124223603,0.7552499851203794,"[[6760    9]
 [ 303    6]]"
0.001,128,"(<class 'keras.optimizers.optimizer_experimental.adam.Adam'>, {'beta_1': 0.9, 'beta_2': 0.999, 'epsilon': 1e-07, 'amsgrad': False, 'learning_rate': 0.001})",Adam,"{'beta_1': 0.9, 'beta_2': 0.999, 'epsilon': 1e-07, 'amsgrad': False, 'learning_rate': 0.001}",<keras.losses.BinaryCrossentropy object at 0x00000212C1F10460>,"TrueNegatives(name=true_negatives_2,dtype=float32,thresholds=None)",100,"[{'nodes': 256, 'activation': 'elu', 'l2_reg': 0.0001, 'l1_reg': 0.0001}]",,False,5,False,[1.74198183e-01 6.76900000e+03],0.9562624665298957,0.9573093294479514,0.9987878792223791,0.9776074724026899,0.9573093294479514,0.5683164983164983,0.7628129138822248,"[[6764    5]
 [ 299   10]]"
0.001,128,"(<class 'keras.optimizers.optimizer_experimental.adam.Adam'>, {'beta_1': 0.9, 'beta_2': 0.999, 'epsilon': 1e-07, 'amsgrad': False, 'learning_rate': 0.001})",Adam,"{'beta_1': 0.9, 'beta_2': 0.999, 'epsilon': 1e-07, 'amsgrad': False, 'learning_rate': 0.001}",<keras.losses.BinaryCrossentropy object at 0x00000212C1F10460>,"TrueNegatives(name=true_negatives_2,dtype=float32,thresholds=None)",100,"[{'nodes': 256, 'activation': <function swish at 0x00000212BC101C10>, 'l2_reg': 0.1, 'l1_reg': 0.1}]",,False,5,False,[2.15611759e-01 6.76660000e+03],0.9559234196269039,0.9559503988830531,0.9999704142011835,0.9774640849426544,0.9559503988830531,0.0,0.47797519944152655,"[[6769    0]
 [ 309    0]]"
0.001,128,"(<class 'keras.optimizers.optimizer_experimental.adam.Adam'>, {'beta_1': 0.9, 'beta_2': 0.999, 'epsilon': 1e-07, 'amsgrad': False, 'learning_rate': 0.001})",Adam,"{'beta_1': 0.9, 'beta_2': 0.999, 'epsilon': 1e-07, 'amsgrad': False, 'learning_rate': 0.001}",<keras.losses.BinaryCrossentropy object at 0x00000212C1F10460>,"TrueNegatives(name=true_negatives_2,dtype=float32,thresholds=None)",100,"[{'nodes': 256, 'activation': <function swish at 0x00000212BC101C10>, 'l2_reg': 0.1, 'l1_reg': 0.01}]",,False,5,False,[1.85654807e-01 6.76540000e+03],0.9557538921838032,0.9559945690550069,0.9997339577941646,0.9773741347685275,0.9559945690550069,0.15,0.5529972845275034,"[[6769    0]
 [ 309    0]]"
0.001,128,"(<class 'keras.optimizers.optimizer_experimental.adam.Adam'>, {'beta_1': 0.9, 'beta_2': 0.999, 'epsilon': 1e-07, 'amsgrad': False, 'learning_rate': 0.001})",Adam,"{'beta_1': 0.9, 'beta_2': 0.999, 'epsilon': 1e-07, 'amsgrad': False, 'learning_rate': 0.001}",<keras.losses.BinaryCrossentropy object at 0x00000212C1F10460>,"TrueNegatives(name=true_negatives_2,dtype=float32,thresholds=None)",100,"[{'nodes': 256, 'activation': <function swish at 0x00000212BC101C10>, 'l2_reg': 0.1, 'l1_reg': 0.001}]",,False,5,False,[1.89013508e-01 6.76640000e+03],0.9558951630572515,0.9561301085564444,0.999734160118351,0.9774448458053898,0.9561301085564444,0.2966666666666667,0.6263983876115555,"[[6766    3]
 [ 307    2]]"
0.001,128,"(<class 'keras.optimizers.optimizer_experimental.adam.Adam'>, {'beta_1': 0.9, 'beta_2': 0.999, 'epsilon': 1e-07, 'amsgrad': False, 'learning_rate': 0.001})",Adam,"{'beta_1': 0.9, 'beta_2': 0.999, 'epsilon': 1e-07, 'amsgrad': False, 'learning_rate': 0.001}",<keras.losses.BinaryCrossentropy object at 0x00000212C1F10460>,"TrueNegatives(name=true_negatives_2,dtype=float32,thresholds=None)",100,"[{'nodes': 256, 'activation': <function swish at 0x00000212BC101C10>, 'l2_reg': 0.1, 'l1_reg': 0.0001}]",,False,5,False,[1.82288042e-01 6.76640000e+03],0.9558951670488561,0.9559493487627553,0.9999410724808484,0.9774494160177077,0.9559493487627553,0.0,0.47797467438137764,"[[6769    0]
 [ 309    0]]"
0.001,128,"(<class 'keras.optimizers.optimizer_experimental.adam.Adam'>, {'beta_1': 0.9, 'beta_2': 0.999, 'epsilon': 1e-07, 'amsgrad': False, 'learning_rate': 0.001})",Adam,"{'beta_1': 0.9, 'beta_2': 0.999, 'epsilon': 1e-07, 'amsgrad': False, 'learning_rate': 0.001}",<keras.losses.BinaryCrossentropy object at 0x00000212C1F10460>,"TrueNegatives(name=true_negatives_2,dtype=float32,thresholds=None)",100,"[{'nodes': 256, 'activation': <function swish at 0x00000212BC101C10>, 'l2_reg': 0.01, 'l1_reg': 0.1}]",,False,5,False,[2.16215569e-01 6.76600000e+03],0.9558386618927607,0.9559983454521193,0.9998226072463414,0.9774184368035227,0.9559983454521193,0.13333333333333333,0.5446658393927263,"[[6769    0]
 [ 309    0]]"
0.001,128,"(<class 'keras.optimizers.optimizer_experimental.adam.Adam'>, {'beta_1': 0.9, 'beta_2': 0.999, 'epsilon': 1e-07, 'amsgrad': False, 'learning_rate': 0.001})",Adam,"{'beta_1': 0.9, 'beta_2': 0.999, 'epsilon': 1e-07, 'amsgrad': False, 'learning_rate': 0.001}",<keras.losses.BinaryCrossentropy object at 0x00000212C1F10460>,"TrueNegatives(name=true_negatives_2,dtype=float32,thresholds=None)",100,"[{'nodes': 256, 'activation': <function swish at 0x00000212BC101C10>, 'l2_reg': 0.01, 'l1_reg': 0.01}]",,False,5,False,[1.80897719e-01 6.76700000e+03],0.95597991679979,0.9561334036301862,0.9998223884098971,0.9774889590256249,0.9561334036301862,0.4666666666666666,0.7114000351484264,"[[6768    1]
 [ 307    2]]"
0.001,128,"(<class 'keras.optimizers.optimizer_experimental.adam.Adam'>, {'beta_1': 0.9, 'beta_2': 0.999, 'epsilon': 1e-07, 'amsgrad': False, 'learning_rate': 0.001})",Adam,"{'beta_1': 0.9, 'beta_2': 0.999, 'epsilon': 1e-07, 'amsgrad': False, 'learning_rate': 0.001}",<keras.losses.BinaryCrossentropy object at 0x00000212C1F10460>,"TrueNegatives(name=true_negatives_2,dtype=float32,thresholds=None)",100,"[{'nodes': 256, 'activation': <function swish at 0x00000212BC101C10>, 'l2_reg': 0.01, 'l1_reg': 0.001}]",,False,5,False,[1.78874493e-01 6.76580000e+03],0.9558104013315034,0.9560743163580986,0.9997041191895109,0.9774015866707334,0.9560743163580986,0.2833333333333333,0.619703824845716,"[[6768    1]
 [ 307    2]]"
0.001,128,"(<class 'keras.optimizers.optimizer_experimental.adam.Adam'>, {'beta_1': 0.9, 'beta_2': 0.999, 'epsilon': 1e-07, 'amsgrad': False, 'learning_rate': 0.001})",Adam,"{'beta_1': 0.9, 'beta_2': 0.999, 'epsilon': 1e-07, 'amsgrad': False, 'learning_rate': 0.001}",<keras.losses.BinaryCrossentropy object at 0x00000212C1F10460>,"TrueNegatives(name=true_negatives_2,dtype=float32,thresholds=None)",100,"[{'nodes': 256, 'activation': <function swish at 0x00000212BC101C10>, 'l2_reg': 0.01, 'l1_reg': 0.0001}]",,False,5,False,[1.79071572e-01 6.76640000e+03],0.9558951710404608,0.9560265998237154,0.9998522804465241,0.9774474074350529,0.9560265998237154,0.2333333333333333,0.5946799665785244,"[[6768    1]
 [ 307    2]]"
0.001,128,"(<class 'keras.optimizers.optimizer_experimental.adam.Adam'>, {'beta_1': 0.9, 'beta_2': 0.999, 'epsilon': 1e-07, 'amsgrad': False, 'learning_rate': 0.001})",Adam,"{'beta_1': 0.9, 'beta_2': 0.999, 'epsilon': 1e-07, 'amsgrad': False, 'learning_rate': 0.001}",<keras.losses.BinaryCrossentropy object at 0x00000212C1F10460>,"TrueNegatives(name=true_negatives_2,dtype=float32,thresholds=None)",100,"[{'nodes': 256, 'activation': <function swish at 0x00000212BC101C10>, 'l2_reg': 0.001, 'l1_reg': 0.1}]",,False,5,False,[2.29172793e-01 6.76680000e+03],0.9559516722049516,0.9559516722049516,1.0,0.9774788710504513,0.9559516722049516,0.0,0.4779758361024758,"[[6769    0]
 [ 309    0]]"
0.001,128,"(<class 'keras.optimizers.optimizer_experimental.adam.Adam'>, {'beta_1': 0.9, 'beta_2': 0.999, 'epsilon': 1e-07, 'amsgrad': False, 'learning_rate': 0.001})",Adam,"{'beta_1': 0.9, 'beta_2': 0.999, 'epsilon': 1e-07, 'amsgrad': False, 'learning_rate': 0.001}",<keras.losses.BinaryCrossentropy object at 0x00000212C1F10460>,"TrueNegatives(name=true_negatives_2,dtype=float32,thresholds=None)",100,"[{'nodes': 256, 'activation': <function swish at 0x00000212BC101C10>, 'l2_reg': 0.001, 'l1_reg': 0.01}]",,False,5,False,[1.80030772e-01 6.76840000e+03],0.956177700812543,0.9562712640340933,0.9998818968549907,0.9775893126072559,0.9562712640340933,0.86,0.9081356320170466,"[[6766    3]
 [ 306    3]]"
0.001,128,"(<class 'keras.optimizers.optimizer_experimental.adam.Adam'>, {'beta_1': 0.9, 'beta_2': 0.999, 'epsilon': 1e-07, 'amsgrad': False, 'learning_rate': 0.001})",Adam,"{'beta_1': 0.9, 'beta_2': 0.999, 'epsilon': 1e-07, 'amsgrad': False, 'learning_rate': 0.001}",<keras.losses.BinaryCrossentropy object at 0x00000212C1F10460>,"TrueNegatives(name=true_negatives_2,dtype=float32,thresholds=None)",100,"[{'nodes': 256, 'activation': <function swish at 0x00000212BC101C10>, 'l2_reg': 0.001, 'l1_reg': 0.001}]",,False,5,False,[1.73107192e-01 6.76620000e+03],0.9558669024959942,0.9563602452205343,0.9994380825339355,0.9774239565155686,0.9563602452205343,0.3662337662337662,0.6612970057271502,"[[6765    4]
 [ 305    4]]"
0.001,128,"(<class 'keras.optimizers.optimizer_experimental.adam.Adam'>, {'beta_1': 0.9, 'beta_2': 0.999, 'epsilon': 1e-07, 'amsgrad': False, 'learning_rate': 0.001})",Adam,"{'beta_1': 0.9, 'beta_2': 0.999, 'epsilon': 1e-07, 'amsgrad': False, 'learning_rate': 0.001}",<keras.losses.BinaryCrossentropy object at 0x00000212C1F10460>,"TrueNegatives(name=true_negatives_2,dtype=float32,thresholds=None)",100,"[{'nodes': 256, 'activation': <function swish at 0x00000212BC101C10>, 'l2_reg': 0.001, 'l1_reg': 0.0001}]",,False,5,False,[1.70696819e-01 6.76740000e+03],0.9560364299390949,0.9563162155579317,0.9996745686994751,0.9775139319973626,0.9563162155579317,0.6890909090909091,0.8227035623244203,"[[6764    5]
 [ 303    6]]"
0.001,128,"(<class 'keras.optimizers.optimizer_experimental.adam.Adam'>, {'beta_1': 0.9, 'beta_2': 0.999, 'epsilon': 1e-07, 'amsgrad': False, 'learning_rate': 0.001})",Adam,"{'beta_1': 0.9, 'beta_2': 0.999, 'epsilon': 1e-07, 'amsgrad': False, 'learning_rate': 0.001}",<keras.losses.BinaryCrossentropy object at 0x00000212C1F10460>,"TrueNegatives(name=true_negatives_2,dtype=float32,thresholds=None)",100,"[{'nodes': 256, 'activation': <function swish at 0x00000212BC101C10>, 'l2_reg': 0.0001, 'l1_reg': 0.1}]",,False,5,False,[2.19086546e-01 6.76680000e+03],0.9559516722049516,0.9559516722049516,1.0,0.9774788710504513,0.9559516722049516,0.0,0.4779758361024758,"[[6769    0]
 [ 309    0]]"
0.001,128,"(<class 'keras.optimizers.optimizer_experimental.adam.Adam'>, {'beta_1': 0.9, 'beta_2': 0.999, 'epsilon': 1e-07, 'amsgrad': False, 'learning_rate': 0.001})",Adam,"{'beta_1': 0.9, 'beta_2': 0.999, 'epsilon': 1e-07, 'amsgrad': False, 'learning_rate': 0.001}",<keras.losses.BinaryCrossentropy object at 0x00000212C1F10460>,"TrueNegatives(name=true_negatives_2,dtype=float32,thresholds=None)",100,"[{'nodes': 256, 'activation': <function swish at 0x00000212BC101C10>, 'l2_reg': 0.0001, 'l1_reg': 0.01}]",,False,5,False,[1.82498777e-01 6.76840000e+03],0.9561777127873572,0.9565801874585868,0.999526464234178,0.9775811824180854,0.9565801874585868,0.6273504273504275,0.7919653074045071,"[[6765    4]
 [ 300    9]]"
0.001,128,"(<class 'keras.optimizers.optimizer_experimental.adam.Adam'>, {'beta_1': 0.9, 'beta_2': 0.999, 'epsilon': 1e-07, 'amsgrad': False, 'learning_rate': 0.001})",Adam,"{'beta_1': 0.9, 'beta_2': 0.999, 'epsilon': 1e-07, 'amsgrad': False, 'learning_rate': 0.001}",<keras.losses.BinaryCrossentropy object at 0x00000212C1F10460>,"TrueNegatives(name=true_negatives_2,dtype=float32,thresholds=None)",100,"[{'nodes': 256, 'activation': <function swish at 0x00000212BC101C10>, 'l2_reg': 0.0001, 'l1_reg': 0.001}]",,False,5,False,[1.80611536e-01 6.76520000e+03],0.9557256475889652,0.9576222809013435,0.9978413276689245,0.9773173302236768,0.9576222809013435,0.49454268292682924,0.7260824819140863,"[[6761    8]
 [ 297   12]]"
0.001,128,"(<class 'keras.optimizers.optimizer_experimental.adam.Adam'>, {'beta_1': 0.9, 'beta_2': 0.999, 'epsilon': 1e-07, 'amsgrad': False, 'learning_rate': 0.001})",Adam,"{'beta_1': 0.9, 'beta_2': 0.999, 'epsilon': 1e-07, 'amsgrad': False, 'learning_rate': 0.001}",<keras.losses.BinaryCrossentropy object at 0x00000212C1F10460>,"TrueNegatives(name=true_negatives_2,dtype=float32,thresholds=None)",100,"[{'nodes': 256, 'activation': <function swish at 0x00000212BC101C10>, 'l2_reg': 0.0001, 'l1_reg': 0.0001}]",,False,5,False,[1.77130273e-01 6.76660000e+03],0.9559234236185086,0.957243472992338,0.998492572675606,0.9774313694337717,0.957243472992338,0.5133583959899749,0.7353009344911565,"[[6760    9]
 [ 299   10]]"
0.001,128,"(<class 'keras.optimizers.optimizer_experimental.adam.Adam'>, {'beta_1': 0.9, 'beta_2': 0.999, 'epsilon': 1e-07, 'amsgrad': False, 'learning_rate': 0.001})",Adam,"{'beta_1': 0.9, 'beta_2': 0.999, 'epsilon': 1e-07, 'amsgrad': False, 'learning_rate': 0.001}",<keras.losses.BinaryCrossentropy object at 0x00000212C1F10460>,"TrueNegatives(name=true_negatives_2,dtype=float32,thresholds=None)",100,"[{'nodes': 256, 'activation': 'softplus', 'l2_reg': 0.1, 'l1_reg': 0.1}]",,False,5,False,[1.81425536e-01 6.76680000e+03],0.9559516722049516,0.9559516722049516,1.0,0.9774788710504513,0.9559516722049516,0.0,0.4779758361024758,"[[6769    0]
 [ 309    0]]"
0.001,128,"(<class 'keras.optimizers.optimizer_experimental.adam.Adam'>, {'beta_1': 0.9, 'beta_2': 0.999, 'epsilon': 1e-07, 'amsgrad': False, 'learning_rate': 0.001})",Adam,"{'beta_1': 0.9, 'beta_2': 0.999, 'epsilon': 1e-07, 'amsgrad': False, 'learning_rate': 0.001}",<keras.losses.BinaryCrossentropy object at 0x00000212C1F10460>,"TrueNegatives(name=true_negatives_2,dtype=float32,thresholds=None)",100,"[{'nodes': 256, 'activation': 'softplus', 'l2_reg': 0.1, 'l1_reg': 0.01}]",,False,5,False,[1.81264055e-01 6.76680000e+03],0.9559516722049516,0.9559516722049516,1.0,0.9774788710504513,0.9559516722049516,0.0,0.4779758361024758,"[[6769    0]
 [ 309    0]]"
0.001,128,"(<class 'keras.optimizers.optimizer_experimental.adam.Adam'>, {'beta_1': 0.9, 'beta_2': 0.999, 'epsilon': 1e-07, 'amsgrad': False, 'learning_rate': 0.001})",Adam,"{'beta_1': 0.9, 'beta_2': 0.999, 'epsilon': 1e-07, 'amsgrad': False, 'learning_rate': 0.001}",<keras.losses.BinaryCrossentropy object at 0x00000212C1F10460>,"TrueNegatives(name=true_negatives_2,dtype=float32,thresholds=None)",100,"[{'nodes': 256, 'activation': 'softplus', 'l2_reg': 0.1, 'l1_reg': 0.001}]",,False,5,False,[1.83987388e-01 6.76680000e+03],0.9559516722049516,0.9559516722049516,1.0,0.9774788710504513,0.9559516722049516,0.0,0.4779758361024758,"[[6769    0]
 [ 309    0]]"
0.001,128,"(<class 'keras.optimizers.optimizer_experimental.adam.Adam'>, {'beta_1': 0.9, 'beta_2': 0.999, 'epsilon': 1e-07, 'amsgrad': False, 'learning_rate': 0.001})",Adam,"{'beta_1': 0.9, 'beta_2': 0.999, 'epsilon': 1e-07, 'amsgrad': False, 'learning_rate': 0.001}",<keras.losses.BinaryCrossentropy object at 0x00000212C1F10460>,"TrueNegatives(name=true_negatives_2,dtype=float32,thresholds=None)",100,"[{'nodes': 256, 'activation': 'softplus', 'l2_reg': 0.1, 'l1_reg': 0.0001}]",,False,5,False,[1.94672641e-01 6.76680000e+03],0.9559516722049516,0.9559516722049516,1.0,0.9774788710504513,0.9559516722049516,0.0,0.4779758361024758,"[[6769    0]
 [ 309    0]]"
0.001,128,"(<class 'keras.optimizers.optimizer_experimental.adam.Adam'>, {'beta_1': 0.9, 'beta_2': 0.999, 'epsilon': 1e-07, 'amsgrad': False, 'learning_rate': 0.001})",Adam,"{'beta_1': 0.9, 'beta_2': 0.999, 'epsilon': 1e-07, 'amsgrad': False, 'learning_rate': 0.001}",<keras.losses.BinaryCrossentropy object at 0x00000212C1F10460>,"TrueNegatives(name=true_negatives_2,dtype=float32,thresholds=None)",100,"[{'nodes': 256, 'activation': 'softplus', 'l2_reg': 0.01, 'l1_reg': 0.1}]",,False,5,False,[1.81420442e-01 6.76680000e+03],0.9559516722049516,0.9559516722049516,1.0,0.9774788710504513,0.9559516722049516,0.0,0.4779758361024758,"[[6769    0]
 [ 309    0]]"
0.001,128,"(<class 'keras.optimizers.optimizer_experimental.adam.Adam'>, {'beta_1': 0.9, 'beta_2': 0.999, 'epsilon': 1e-07, 'amsgrad': False, 'learning_rate': 0.001})",Adam,"{'beta_1': 0.9, 'beta_2': 0.999, 'epsilon': 1e-07, 'amsgrad': False, 'learning_rate': 0.001}",<keras.losses.BinaryCrossentropy object at 0x00000212C1F10460>,"TrueNegatives(name=true_negatives_2,dtype=float32,thresholds=None)",100,"[{'nodes': 256, 'activation': 'softplus', 'l2_reg': 0.01, 'l1_reg': 0.01}]",,False,5,False,[1.81261933e-01 6.76680000e+03],0.9559516722049516,0.9559516722049516,1.0,0.9774788710504513,0.9559516722049516,0.0,0.4779758361024758,"[[6769    0]
 [ 309    0]]"
0.001,128,"(<class 'keras.optimizers.optimizer_experimental.adam.Adam'>, {'beta_1': 0.9, 'beta_2': 0.999, 'epsilon': 1e-07, 'amsgrad': False, 'learning_rate': 0.001})",Adam,"{'beta_1': 0.9, 'beta_2': 0.999, 'epsilon': 1e-07, 'amsgrad': False, 'learning_rate': 0.001}",<keras.losses.BinaryCrossentropy object at 0x00000212C1F10460>,"TrueNegatives(name=true_negatives_2,dtype=float32,thresholds=None)",100,"[{'nodes': 256, 'activation': 'softplus', 'l2_reg': 0.01, 'l1_reg': 0.001}]",,False,5,False,[1.7599546e-01 6.7658000e+03],0.9558103973398987,0.9559451473153174,0.9998518868073475,0.9774048419026353,0.9559451473153174,0.0,0.4779725736576587,"[[6769    0]
 [ 309    0]]"
0.001,128,"(<class 'keras.optimizers.optimizer_experimental.adam.Adam'>, {'beta_1': 0.9, 'beta_2': 0.999, 'epsilon': 1e-07, 'amsgrad': False, 'learning_rate': 0.001})",Adam,"{'beta_1': 0.9, 'beta_2': 0.999, 'epsilon': 1e-07, 'amsgrad': False, 'learning_rate': 0.001}",<keras.losses.BinaryCrossentropy object at 0x00000212C1F10460>,"TrueNegatives(name=true_negatives_2,dtype=float32,thresholds=None)",100,"[{'nodes': 256, 'activation': 'softplus', 'l2_reg': 0.01, 'l1_reg': 0.0001}]",,False,5,False,[1.87069771e-01 6.76720000e+03],0.9560081893358612,0.9560316139921448,0.9999705362404242,0.9775065175244275,0.9560316139921448,0.2,0.5780158069960724,"[[6769    0]
 [ 306    3]]"
0.001,128,"(<class 'keras.optimizers.optimizer_experimental.adam.Adam'>, {'beta_1': 0.9, 'beta_2': 0.999, 'epsilon': 1e-07, 'amsgrad': False, 'learning_rate': 0.001})",Adam,"{'beta_1': 0.9, 'beta_2': 0.999, 'epsilon': 1e-07, 'amsgrad': False, 'learning_rate': 0.001}",<keras.losses.BinaryCrossentropy object at 0x00000212C1F10460>,"TrueNegatives(name=true_negatives_2,dtype=float32,thresholds=None)",100,"[{'nodes': 256, 'activation': 'softplus', 'l2_reg': 0.001, 'l1_reg': 0.1}]",,False,5,False,[1.81435454e-01 6.76680000e+03],0.9559516722049516,0.9559516722049516,1.0,0.9774788710504513,0.9559516722049516,0.0,0.4779758361024758,"[[6769    0]
 [ 309    0]]"
0.001,128,"(<class 'keras.optimizers.optimizer_experimental.adam.Adam'>, {'beta_1': 0.9, 'beta_2': 0.999, 'epsilon': 1e-07, 'amsgrad': False, 'learning_rate': 0.001})",Adam,"{'beta_1': 0.9, 'beta_2': 0.999, 'epsilon': 1e-07, 'amsgrad': False, 'learning_rate': 0.001}",<keras.losses.BinaryCrossentropy object at 0x00000212C1F10460>,"TrueNegatives(name=true_negatives_2,dtype=float32,thresholds=None)",100,"[{'nodes': 256, 'activation': 'softplus', 'l2_reg': 0.001, 'l1_reg': 0.01}]",,False,5,False,[1.74153364e-01 6.76780000e+03],0.9560929390867952,0.956369974703947,0.9996745642718914,0.9775421916891291,0.956369974703947,0.35428571428571426,0.6553278444948306,"[[6769    0]
 [ 309    0]]"
0.001,128,"(<class 'keras.optimizers.optimizer_experimental.adam.Adam'>, {'beta_1': 0.9, 'beta_2': 0.999, 'epsilon': 1e-07, 'amsgrad': False, 'learning_rate': 0.001})",Adam,"{'beta_1': 0.9, 'beta_2': 0.999, 'epsilon': 1e-07, 'amsgrad': False, 'learning_rate': 0.001}",<keras.losses.BinaryCrossentropy object at 0x00000212C1F10460>,"TrueNegatives(name=true_negatives_2,dtype=float32,thresholds=None)",100,"[{'nodes': 256, 'activation': 'softplus', 'l2_reg': 0.001, 'l1_reg': 0.001}]",,False,5,False,[1.72984487e-01 6.76800000e+03],0.9561211956564476,0.9566816392544327,0.9993496958630155,0.9775492898687379,0.9566816392544327,0.5644444444444445,0.7605630418494387,"[[6764    5]
 [ 303    6]]"
0.001,128,"(<class 'keras.optimizers.optimizer_experimental.adam.Adam'>, {'beta_1': 0.9, 'beta_2': 0.999, 'epsilon': 1e-07, 'amsgrad': False, 'learning_rate': 0.001})",Adam,"{'beta_1': 0.9, 'beta_2': 0.999, 'epsilon': 1e-07, 'amsgrad': False, 'learning_rate': 0.001}",<keras.losses.BinaryCrossentropy object at 0x00000212C1F10460>,"TrueNegatives(name=true_negatives_2,dtype=float32,thresholds=None)",100,"[{'nodes': 256, 'activation': 'softplus', 'l2_reg': 0.001, 'l1_reg': 0.0001}]",,False,5,False,[1.7184369e-01 6.7680000e+03],0.9561211836816333,0.9564491332726828,0.9996155713249919,0.9775550640691956,0.9564491332726828,0.6120634920634922,0.7842563126680875,"[[6766    3]
 [ 305    4]]"
0.001,128,"(<class 'keras.optimizers.optimizer_experimental.adam.Adam'>, {'beta_1': 0.9, 'beta_2': 0.999, 'epsilon': 1e-07, 'amsgrad': False, 'learning_rate': 0.001})",Adam,"{'beta_1': 0.9, 'beta_2': 0.999, 'epsilon': 1e-07, 'amsgrad': False, 'learning_rate': 0.001}",<keras.losses.BinaryCrossentropy object at 0x00000212C1F10460>,"TrueNegatives(name=true_negatives_2,dtype=float32,thresholds=None)",100,"[{'nodes': 256, 'activation': 'softplus', 'l2_reg': 0.0001, 'l1_reg': 0.1}]",,False,5,False,[1.82193854e-01 6.76560000e+03],0.9557821567366652,0.9559955078643133,0.9997633136094674,0.9773887631903794,0.9559955078643133,0.04,0.4979977539321567,"[[6769    0]
 [ 309    0]]"
0.001,128,"(<class 'keras.optimizers.optimizer_experimental.adam.Adam'>, {'beta_1': 0.9, 'beta_2': 0.999, 'epsilon': 1e-07, 'amsgrad': False, 'learning_rate': 0.001})",Adam,"{'beta_1': 0.9, 'beta_2': 0.999, 'epsilon': 1e-07, 'amsgrad': False, 'learning_rate': 0.001}",<keras.losses.BinaryCrossentropy object at 0x00000212C1F10460>,"TrueNegatives(name=true_negatives_2,dtype=float32,thresholds=None)",100,"[{'nodes': 256, 'activation': 'softplus', 'l2_reg': 0.0001, 'l1_reg': 0.01}]",,False,5,False,[1.75871e-01 6.77040e+03],0.9564602385678347,0.9579403924941673,0.9982852945499708,0.9776955486527538,0.9579403924941673,0.5623335923335924,0.7601369924138799,"[[6755   14]
 [ 288   21]]"
0.001,128,"(<class 'keras.optimizers.optimizer_experimental.adam.Adam'>, {'beta_1': 0.9, 'beta_2': 0.999, 'epsilon': 1e-07, 'amsgrad': False, 'learning_rate': 0.001})",Adam,"{'beta_1': 0.9, 'beta_2': 0.999, 'epsilon': 1e-07, 'amsgrad': False, 'learning_rate': 0.001}",<keras.losses.BinaryCrossentropy object at 0x00000212C1F10460>,"TrueNegatives(name=true_negatives_2,dtype=float32,thresholds=None)",100,"[{'nodes': 256, 'activation': 'softplus', 'l2_reg': 0.0001, 'l1_reg': 0.001}]",,False,5,False,[1.78124779e-01 6.76960000e+03],0.9563472082976201,0.9582213389204887,0.9978417424330142,0.9776290741271143,0.9582213389204887,0.5452147823572309,0.7517180606388598,"[[6751   18]
 [ 289   20]]"
0.001,128,"(<class 'keras.optimizers.optimizer_experimental.adam.Adam'>, {'beta_1': 0.9, 'beta_2': 0.999, 'epsilon': 1e-07, 'amsgrad': False, 'learning_rate': 0.001})",Adam,"{'beta_1': 0.9, 'beta_2': 0.999, 'epsilon': 1e-07, 'amsgrad': False, 'learning_rate': 0.001}",<keras.losses.BinaryCrossentropy object at 0x00000212C1F10460>,"TrueNegatives(name=true_negatives_2,dtype=float32,thresholds=None)",100,"[{'nodes': 256, 'activation': 'softplus', 'l2_reg': 0.0001, 'l1_reg': 0.0001}]",,False,5,False,[1.72982433e-01 6.77020000e+03],0.9564320019562056,0.9578607096888373,0.9983443892647512,0.9776825275280181,0.9578607096888373,0.5838229352347001,0.7708418224617687,"[[6760    9]
 [ 293   16]]"
